{"_wandb":{"runtime":1},"_step":1,"KNN CV Mean Score":0.70625,"KNN Classification Report":{"accuracy":0.9024390243902439,"macro avg":{"support":41,"precision":0.884095860566449,"recall":0.9212962962962963,"f1-score":0.8975038402457757},"weighted avg":{"precision":0.91021839630161,"recall":0.9024390243902439,"f1-score":0.9032623356187479,"support":41},"0.0":{"support":7,"precision":0.7777777777777778,"recall":1,"f1-score":0.875},"1.0":{"f1-score":0.9032258064516129,"support":16,"precision":0.9333333333333333,"recall":0.875},"2.0":{"precision":0.9411764705882353,"recall":0.8888888888888888,"f1-score":0.9142857142857143,"support":18}},"KNN Training Accuracy":0.8,"KNN Test Accuracy":0.9024390243902439,"_runtime":1.6887167,"_timestamp":1.7490030580824037e+09,"KNN Confusion Matrix":{"artifact_path":"wandb-client-artifact://pxiqkdfmzzcgsibsb0k4uveiclcj2ksxk3v5p9ue5wli9njbvssr2mu18oz7i8y66h6wcseeed9sp6ppsdlmhxgmtmlu2hoze5npkcbwoujtmkirgo5pslotthqfr64i/KNN Confusion Matrix.table.json","_latest_artifact_path":"wandb-client-artifact://wl37nbnwqftkqp2qnpauo9z02ibzikqkuho1jiyma0n8u88qc71o5xtmo8gczzn6id1mobs7xaapkrfvevp1lqpjjo0ui2xuavpd588mjoopqvxucwg08x536kh8wvko:latest/KNN Confusion Matrix.table.json","path":"media/table/KNN Confusion Matrix_1_5d3a3529739fcba13f9f.table.json","ncols":3,"nrows":3,"_type":"table-file","sha256":"5d3a3529739fcba13f9f38c30c5df5a827c00eeb8dff0372ab3f38ba5a2a9b8a","size":89},"KNN CV Score Std Dev":0.06434768838116875}