{"Random Forest Classification Report":{"weighted avg":{"support":41,"precision":0.9786585365853658,"recall":0.975609756097561,"f1-score":0.976074332171893},"0.0":{"support":7,"precision":0.875,"recall":1,"f1-score":0.9333333333333333},"1.0":{"support":16,"precision":1,"recall":1,"f1-score":1},"2.0":{"f1-score":0.9714285714285714,"support":18,"precision":1,"recall":0.9444444444444444},"accuracy":0.975609756097561,"macro avg":{"precision":0.9583333333333334,"recall":0.9814814814814815,"f1-score":0.9682539682539683,"support":41}},"Random Forest Confusion Matrix":{"_type":"image-file","sha256":"865e64cb759f63b87cad178df9b1e4fe4bf648e13723b641bbd40f4bb1ca6774","size":14861,"path":"media/images/Random Forest Confusion Matrix_2_865e64cb759f63b87cad.png","format":"png","width":640,"height":480},"_step":2,"Random Forest Training Accuracy":1,"Random Forest CV Mean Score":0.9,"_runtime":2.6350082,"_wandb":{"runtime":2},"_timestamp":1.7490025867873597e+09,"Random Forest CV Score Std Dev":0.05,"Random Forest Test Accuracy":0.975609756097561}