{"Logistic Regression Classification Report":{"macro avg":{"precision":0.8950710108604846,"recall":0.8921957671957671,"f1-score":0.8930958608377964,"support":41},"weighted avg":{"support":41,"precision":0.9033804022250749,"recall":0.9024390243902439,"f1-score":0.902247644969911},"0.0":{"recall":0.8571428571428571,"f1-score":0.8571428571428571,"support":7,"precision":0.8571428571428571},"1.0":{"support":16,"precision":0.9333333333333333,"recall":0.875,"f1-score":0.9032258064516129},"2.0":{"support":18,"precision":0.8947368421052632,"recall":0.9444444444444444,"f1-score":0.918918918918919},"accuracy":0.9024390243902439},"_wandb":{"runtime":2},"_step":2,"_runtime":2.3092601999999998,"_timestamp":1.7490128942052457e+09,"Logistic Regression Training Accuracy":0.78125,"Logistic Regression Test Accuracy":0.9024390243902439,"Logistic Regression CV Score Std Dev":0.06434768838116875,"Logistic Regression CV Mean Score":0.73125,"Logistic Regression Confusion Matrix":{"path":"media/images/Logistic Regression Confusion Matrix_1_ca633f2e1bbcd98cd4a5.png","format":"png","width":700,"height":400,"_type":"image-file","sha256":"ca633f2e1bbcd98cd4a58d23cd97194be6013fc784ce632da30ad8eb2a379684","size":13754}}