{"_step":0,"_wandb":{"runtime":1},"Training Time (seconds)":0.02242136001586914,"_timestamp":1.7484283161788182e+09,"_runtime":1.0855261}