{"Random Forest Test Accuracy":0.975609756097561,"Random Forest Classification Report":{"2.0":{"recall":0.9444444444444444,"f1-score":0.9714285714285714,"support":18,"precision":1},"accuracy":0.975609756097561,"macro avg":{"f1-score":0.9682539682539683,"support":41,"precision":0.9583333333333334,"recall":0.9814814814814815},"weighted avg":{"recall":0.975609756097561,"f1-score":0.976074332171893,"support":41,"precision":0.9786585365853658},"0.0":{"support":7,"precision":0.875,"recall":1,"f1-score":0.9333333333333333},"1.0":{"recall":1,"f1-score":1,"support":16,"precision":1}},"_runtime":2.1784226,"Random Forest Training Accuracy":1,"Random Forest CV Score Std Dev":0.05,"_step":1,"Random Forest CV Mean Score":0.9,"_timestamp":1.7490100846362426e+09,"Random Forest Confusion Matrix":{"_latest_artifact_path":"wandb-client-artifact://tt94qk7o3ok03i7goqe5dc3lawztujsbzhbbkf0oobnjw7mo5cao7t9gt2ogoalft9a6u5xbnnwl20l97pgjw0ar3h3lamwrkvoy3egx9j3uwp6obsyriezwd81r1tci:latest/Random Forest Confusion Matrix.table.json","path":"media/table/Random Forest Confusion Matrix_1_23dc089e148bee9b366c.table.json","ncols":3,"nrows":3,"_type":"table-file","sha256":"23dc089e148bee9b366c58f2c2a568721fd4284be1d5fc62f09b2ff1695ce6ed","size":89,"artifact_path":"wandb-client-artifact://0rf30kpwwnpsbabpiv4x2f8elq6v3uw0fwgg5rtgjj1c48jxfwsev6s2vokfxfcvgt8ye9cekgytkkxbihb77j1wytbla5axy827x2ng9ctjd6xyn72tt3v70v4t29tz/Random Forest Confusion Matrix.table.json"},"_wandb":{"runtime":2}}