{"_timestamp":1.7488383335364068e+09,"Solver":"newton-cg","_wandb":{"runtime":5},"_runtime":5.0105642,"Classification Report":{"weighted avg":{"support":41,"precision":0.9557030129124822,"recall":0.9512195121951219,"f1-score":0.9509673492456848},"0.0":{"precision":0.875,"recall":1,"f1-score":0.9333333333333333,"support":7},"1.0":{"recall":1,"f1-score":0.9696969696969697,"support":16,"precision":0.9411764705882353},"2.0":{"precision":1,"recall":0.8888888888888888,"f1-score":0.9411764705882353,"support":18},"accuracy":0.9512195121951219,"macro avg":{"precision":0.9387254901960785,"recall":0.9629629629629629,"f1-score":0.9480689245395127,"support":41}},"CV Fold 1 Score":0.875,"Confusion Matrix":{"path":"media/images/Confusion Matrix_64_6acbea73e0dd7e7b2cb6.png","format":"png","width":640,"height":480,"_type":"image-file","sha256":"6acbea73e0dd7e7b2cb6d4aa4126153525239f579de88ff3dfc36ffcdf1eec00","size":12413},"Training Loss":0.33544305049054846,"CV Fold 5 Score":0.875,"Max Iter":10000,"CV Score Std Dev":0.0701560760020114,"Epoch":10,"CV Score Mean":0.83125,"CV Fold 3 Score":0.78125,"Validation Accuracy":0.83125,"Training Accuracy":0.88125,"CV Fold 4 Score":0.90625,"Training Time (seconds)":2.920844554901123,"_step":64,"Test Accuracy":0.9512195121951219,"CV Fold 2 Score":0.71875,"C":100}