{"_runtime":1.6938118,"_step":1,"KNN CV Mean Score":0.70625,"KNN Classification Report":{"0.0":{"precision":0.7777777777777778,"recall":1,"f1-score":0.875,"support":7},"1.0":{"support":16,"precision":0.9333333333333333,"recall":0.875,"f1-score":0.9032258064516129},"2.0":{"precision":0.9411764705882353,"recall":0.8888888888888888,"f1-score":0.9142857142857143,"support":18},"accuracy":0.9024390243902439,"macro avg":{"support":41,"precision":0.884095860566449,"recall":0.9212962962962963,"f1-score":0.8975038402457757},"weighted avg":{"precision":0.91021839630161,"recall":0.9024390243902439,"f1-score":0.9032623356187479,"support":41}},"KNN Training Accuracy":0.8,"_timestamp":1.7490095099456291e+09,"KNN Confusion Matrix":{"artifact_path":"wandb-client-artifact://763pwus5re4u3qugfadxg7ok7awm0vzfoa9vs6t1gao7em7318kz11ogwjb093h2fubegxj94dlrmwpktxksg3zwwgg624zgmkygtnb7vmoxmznl9gstsz470b1a088q/KNN Confusion Matrix.table.json","_latest_artifact_path":"wandb-client-artifact://w6k3xnk5q3qrd1l27uwmy62ju48p51m1b5c1gqybecum8gzs4fbrdghddrdkpapjwb497sd0ne0ofmedbb8iwmoxrga6k75pje5pben9mab4coylzb72y6iyhvk5yyub:latest/KNN Confusion Matrix.table.json","path":"media/table/KNN Confusion Matrix_1_5d3a3529739fcba13f9f.table.json","ncols":3,"nrows":3,"_type":"table-file","sha256":"5d3a3529739fcba13f9f38c30c5df5a827c00eeb8dff0372ab3f38ba5a2a9b8a","size":89},"KNN CV Score Std Dev":0.06434768838116875,"_wandb":{"runtime":1},"KNN Test Accuracy":0.9024390243902439}