{"KNN Confusion Matrix":{"width":700,"height":400,"_type":"image-file","sha256":"9f04304361ca3ee6ac146fbeeccb6f0ebaeb8097c393d6ca53c68bf0bef812c6","size":11792,"path":"media/images/KNN Confusion Matrix_1_9f04304361ca3ee6ac14.png","format":"png"},"_timestamp":1.7490147750408983e+09,"KNN Classification Report":{"macro avg":{"support":41,"precision":0.8569444444444444,"recall":0.9027777777777778,"f1-score":0.8697027197975964},"weighted avg":{"recall":0.8780487804878049,"f1-score":0.8804554079696394,"support":41,"precision":0.8953252032520324},"0.0":{"precision":0.7,"recall":1,"f1-score":0.8235294117647058,"support":7},"1.0":{"support":16,"precision":0.9333333333333333,"recall":0.875,"f1-score":0.9032258064516129},"2.0":{"recall":0.8333333333333334,"f1-score":0.8823529411764706,"support":18,"precision":0.9375},"accuracy":0.8780487804878049},"KNN Training Accuracy":0.84375,"KNN Test Accuracy":0.8780487804878049,"_runtime":1.9214765,"_wandb":{"runtime":1},"KNN CV Mean Score":0.725,"KNN CV Score Std Dev":0.09560661587986471,"_step":2}