{"Random Forest CV Score Std Dev":0.05,"Random Forest Classification Report":{"1.0":{"recall":1,"f1-score":1,"support":16,"precision":1},"2.0":{"f1-score":0.9714285714285714,"support":18,"precision":1,"recall":0.9444444444444444},"accuracy":0.975609756097561,"macro avg":{"precision":0.9583333333333334,"recall":0.9814814814814815,"f1-score":0.9682539682539683,"support":41},"weighted avg":{"precision":0.9786585365853658,"recall":0.975609756097561,"f1-score":0.976074332171893,"support":41},"0.0":{"support":7,"precision":0.875,"recall":1,"f1-score":0.9333333333333333}},"Random Forest Confusion Matrix":{"ncols":3,"nrows":3,"_type":"table-file","sha256":"23dc089e148bee9b366c58f2c2a568721fd4284be1d5fc62f09b2ff1695ce6ed","size":89,"artifact_path":"wandb-client-artifact://l4xt3fbyva7d3iqjk3p475as7mt1x5jrxze17yal8m86zsuusdtsv4wec7ebi79tiobf9ff1wa2mq8pqjbcq9gq5def1uitpl6o7ohflj7d6qddku9cniuobfwkjdj7z/Random Forest Confusion Matrix.table.json","_latest_artifact_path":"wandb-client-artifact://ce5jissxmeaxmsny9ux9hofifm89sa4p2xlnfig0btoqh0rpkczkekdw5p5r1mawdml1antjaqt8u8uo76x2kfvmkx82rb3t7twxtq0bxbqun858uot3418wkwb8sr9t:latest/Random Forest Confusion Matrix.table.json","path":"media/table/Random Forest Confusion Matrix_1_23dc089e148bee9b366c.table.json"},"_timestamp":1.7490098359512484e+09,"_runtime":2.2309232,"Random Forest Test Accuracy":0.975609756097561,"_step":1,"_wandb":{"runtime":2},"Random Forest Training Accuracy":1,"Random Forest CV Mean Score":0.9}