{"Random Forest Classification Report":{"1.0":{"f1-score":1,"support":16,"precision":1,"recall":1},"2.0":{"support":18,"precision":1,"recall":0.9444444444444444,"f1-score":0.9714285714285714},"accuracy":0.975609756097561,"macro avg":{"recall":0.9814814814814815,"f1-score":0.9682539682539683,"support":41,"precision":0.9583333333333334},"weighted avg":{"f1-score":0.976074332171893,"support":41,"precision":0.9786585365853658,"recall":0.975609756097561},"0.0":{"recall":1,"f1-score":0.9333333333333333,"support":7,"precision":0.875}},"Random Forest Confusion Matrix":{"path":"media/images/Random Forest Confusion Matrix_1_5ded68ec3cb4c6973423.png","format":"png","width":700,"height":400,"_type":"image-file","sha256":"5ded68ec3cb4c6973423deeb1058be19319aa2b556b2b456fec18a106b01c350","size":13482},"_wandb":{"runtime":2},"Random Forest CV Mean Score":0.9,"_timestamp":1.7490128943564491e+09,"_step":3,"Random Forest Training Accuracy":1,"Random Forest Test Accuracy":0.975609756097561,"_runtime":2.4485106,"Random Forest Evaluation Error":"'numpy.ndarray' object has no attribute 'columns'","Random Forest CV Score Std Dev":0.05}