{"Random Forest CV Mean Score":0.9,"_timestamp":1.7490135412410424e+09,"Random Forest Feature Importance":{"_latest_artifact_path":"wandb-client-artifact://4yktopc9wqew7581b4ezw10vhcbl00xh8e541uxbtzrjg02vwvqr3974hc6gxud3feecukx8senw4lry6g11h408102fplfw6m1vi0r5rqrwkmk935595t1zb9dp66f6:latest/Random Forest Feature Importance.table.json","path":"media/table/Random Forest Feature Importance_3_bbd302b41d42f2fa6a04.table.json","ncols":2,"nrows":7,"_type":"table-file","sha256":"bbd302b41d42f2fa6a04864807c50a4f61cf18361b0b2bc56b0c3f1eb0448103","size":298,"artifact_path":"wandb-client-artifact://heuxugjo92qxsxploa6mszi2no9in2b0muymdg6jfbsce5kcqiimfbtpn18ro99w7a9sdrq98ecfde7ilboxb1toc22wtjpd3cn95dhkcjsuez65awhet8a8dn9dtm8r/Random Forest Feature Importance.table.json"},"_step":3,"_wandb":{"runtime":2},"_runtime":2.6494378,"Random Forest CV Score Std Dev":0.05,"Random Forest Test Accuracy":0.975609756097561,"Random Forest Training Accuracy":1,"Random Forest Confusion Matrix":{"_type":"image-file","sha256":"36bd9831c269b7d702657722d3080207e5dda1cd4665c3ab89df2d3b685afdc8","size":12566,"path":"media/images/Random Forest Confusion Matrix_1_36bd9831c269b7d70265.png","format":"png","width":700,"height":400},"Random Forest Classification Report":{"2.0":{"support":18,"precision":1,"recall":0.9444444444444444,"f1-score":0.9714285714285714},"accuracy":0.975609756097561,"macro avg":{"f1-score":0.9682539682539683,"support":41,"precision":0.9583333333333334,"recall":0.9814814814814815},"weighted avg":{"support":41,"precision":0.9786585365853658,"recall":0.975609756097561,"f1-score":0.976074332171893},"0.0":{"precision":0.875,"recall":1,"f1-score":0.9333333333333333,"support":7},"1.0":{"precision":1,"recall":1,"f1-score":1,"support":16}}}