{"C":100,"Classification Report":{"2.0":{"f1-score":0.9411764705882353,"support":18,"precision":1,"recall":0.8888888888888888},"accuracy":0.9512195121951219,"macro avg":{"precision":0.9387254901960785,"recall":0.9629629629629629,"f1-score":0.9480689245395127,"support":41},"weighted avg":{"support":41,"precision":0.9557030129124822,"recall":0.9512195121951219,"f1-score":0.9509673492456848},"0.0":{"support":7,"precision":0.875,"recall":1,"f1-score":0.9333333333333333},"1.0":{"precision":0.9411764705882353,"recall":1,"f1-score":0.9696969696969697,"support":16}},"CV Score Std Dev":0.0701560760020114,"CV Score Mean":0.83125,"_timestamp":1.7488387325188382e+09,"Confusion Matrix":{"width":640,"height":480,"_type":"image-file","sha256":"6acbea73e0dd7e7b2cb6d4aa4126153525239f579de88ff3dfc36ffcdf1eec00","size":12413,"path":"media/images/Confusion Matrix_64_6acbea73e0dd7e7b2cb6.png","format":"png"},"CV Fold 2 Score":0.71875,"CV Fold 1 Score":0.875,"_runtime":5.0773213,"CV Fold 5 Score":0.875,"CV Fold 3 Score":0.78125,"_step":64,"Epoch":10,"CV Fold 4 Score":0.90625,"Training Loss":0.33544305049054846,"Max Iter":10000,"Training Accuracy":0.88125,"_wandb":{"runtime":5},"Validation Accuracy":0.83125,"Test Accuracy":0.9512195121951219,"Weight Distributions":{"bins":[-19.014783481610475,-18.33809264740295,-17.661401813195422,-16.984710978987895,-16.308020144780368,-15.631329310572841,-14.954638476365313,-14.277947642157786,-13.601256807950259,-12.924565973742732,-12.247875139535205,-11.571184305327677,-10.89449347112015,-10.217802636912623,-9.541111802705096,-8.86442096849757,-8.187730134290042,-7.5110393000825155,-6.834348465874989,-6.157657631667462,-5.480966797459935,-4.804275963252406,-4.1275851290448795,-3.4508942948373527,-2.774203460629824,-2.097512626422297,-1.4208217922147703,-0.7441309580072435,-0.06744012379971664,0.6092507104078102,1.285941544615337,1.962632378822864,2.6393232130303907,3.3160140472379176,3.9927048814454444,4.669395715652971,5.346086549860498,6.022777384068025,6.699468218275552,7.376159052483079,8.052849886690606,8.729540720898136,9.406231555105663,10.08292238931319,10.759613223520716,11.436304057728243,12.11299489193577,12.789685726143297,13.466376560350827,14.143067394558354,14.819758228765881,15.496449062973408,16.173139897180935,16.84983073138846,17.52652156559599,18.203212399803515,18.879903234011042,19.55659406821857,20.233284902426096,20.909975736633623,21.58666657084115,22.263357405048676,22.940048239256203,23.61673907346373,24.293429907671253],"_type":"histogram","values":[1,0,0,0,0,0,0,0,0,0,0,0,0,0,0,0,0,0,1,0,2,0,0,0,0,1,2,3,3,3,0,1,1,1,1,0,0,0,0,0,0,0,0,0,0,0,0,0,0,0,0,0,0,0,0,0,0,0,0,0,0,0,0,1]},"Bias Distributions":{"_type":"histogram","values":[1,0,0,0,0,0,0,0,0,0,0,0,0,0,1,0,0,0,0,0,0,0,0,0,0,0,0,0,0,0,0,0,0,0,0,0,0,0,0,0,0,0,0,0,0,0,0,0,0,0,0,0,0,0,0,0,0,0,0,0,0,0,0,1],"bins":[-7.049416280955444,-6.779943694813706,-6.510471108671969,-6.240998522530232,-5.971525936388494,-5.702053350246756,-5.432580764105019,-5.163108177963282,-4.893635591821544,-4.624163005679806,-4.354690419538069,-4.085217833396332,-3.8157452472545943,-3.5462726611128566,-3.2768000749711192,-3.0073274888293815,-2.737854902687644,-2.468382316545907,-2.1989097304041696,-1.9294371442624314,-1.659964558120694,-1.3904919719789568,-1.1210193858372195,-0.8515467996954822,-0.5820742135537449,-0.3126016274120067,-0.0431290412702694,0.2263435448714679,0.4958161310132052,0.7652887171549425,1.0347613032966807,1.3042338894384171,1.5737064755801553,1.8431790617218935,2.11265164786363,2.382124234005368,2.6515968201471045,2.9210694062888427,3.190541992430581,3.4600145785723173,3.7294871647140555,3.998959750855792,4.26843233699753,4.537904923139268,4.807377509281005,5.076850095422743,5.346322681564479,5.6157952677062175,5.885267853847954,6.154740439989692,6.42421302613143,6.693685612273167,6.963158198414905,7.232630784556641,7.5021033706983795,7.771575956840118,8.041048542981855,8.310521129123593,8.579993715265328,8.849466301407066,9.118938887548804,9.388411473690542,9.657884059832277,9.927356645974015,10.196829232115755]},"Solver":"newton-cg","Training Time (seconds)":3.1097700595855713}