{"Training Accuracy":0.78125,"Test Accuracy":0.9024390243902439,"CV Std Dev":0.06434768838116875,"Training Time (seconds)":0.021870136260986328,"Classification Report":{"macro avg":{"f1-score":0.8930958608377964,"support":41,"precision":0.8950710108604846,"recall":0.8921957671957671},"weighted avg":{"precision":0.9033804022250749,"recall":0.9024390243902439,"f1-score":0.902247644969911,"support":41},"0.0":{"precision":0.8571428571428571,"recall":0.8571428571428571,"f1-score":0.8571428571428571,"support":7},"1.0":{"recall":0.875,"f1-score":0.9032258064516129,"support":16,"precision":0.9333333333333333},"2.0":{"support":18,"precision":0.8947368421052632,"recall":0.9444444444444444,"f1-score":0.918918918918919},"accuracy":0.9024390243902439},"Cross-validation scores":[0.78125,0.71875,0.625,0.8125,0.71875],"Mean CV Accuracy":0.73125,"_runtime":1.3108996,"_timestamp":1.748430355632826e+09,"_wandb":{"runtime":1},"_step":3}