{"_timestamp":1.749012894212735e+09,"KNN CV Mean Score":0.725,"_wandb":{"runtime":2},"_step":2,"_runtime":2.2045689,"KNN Training Accuracy":0.84375,"KNN CV Score Std Dev":0.09560661587986471,"KNN Test Accuracy":0.8780487804878049,"KNN Confusion Matrix":{"path":"media/images/KNN Confusion Matrix_1_13c6a09a0c63ef8ae5af.png","format":"png","width":700,"height":400,"_type":"image-file","sha256":"13c6a09a0c63ef8ae5afd529e543aaf20c9fc7abba065a2e675307c9cfb7bd4b","size":12789},"KNN Classification Report":{"0.0":{"precision":0.7,"recall":1,"f1-score":0.8235294117647058,"support":7},"1.0":{"precision":0.9333333333333333,"recall":0.875,"f1-score":0.9032258064516129,"support":16},"2.0":{"f1-score":0.8823529411764706,"support":18,"precision":0.9375,"recall":0.8333333333333334},"accuracy":0.8780487804878049,"macro avg":{"f1-score":0.8697027197975964,"support":41,"precision":0.8569444444444444,"recall":0.9027777777777778},"weighted avg":{"support":41,"precision":0.8953252032520324,"recall":0.8780487804878049,"f1-score":0.8804554079696394}}}