{"_runtime":1.7227379,"KNN Test Accuracy":0.8780487804878049,"_step":1,"_timestamp":1.7490109892689986e+09,"KNN Confusion Matrix":{"ncols":3,"nrows":3,"_type":"table-file","sha256":"44de7a23912da4f66be92d319f19ec465cb0a767a9375ad311efbe42f0a3534f","size":89,"artifact_path":"wandb-client-artifact://pd98lkil7uf5hakj57gmrl99vo0t7kv60zlq2pb7hyfy1cck66n5rpp0rckxf50s7spzxf5j1n99z7juodbak4o6mciyoem79ew6ww7cojmj6c4kikcuv8f02brudfa9/KNN Confusion Matrix.table.json","_latest_artifact_path":"wandb-client-artifact://j5r4zr2nwpnzhbs4uxurae8y82os0wxd8yvx3gk9wyrykmx6dxo9nqyww8r0l3lgazhvo0buq9e1bo7t9g1puphow02helerc9q8pi6hlydae2jdso6b9gr6kiqenfjv:latest/KNN Confusion Matrix.table.json","path":"media/table/KNN Confusion Matrix_1_44de7a23912da4f66be9.table.json"},"_wandb":{"runtime":1},"KNN CV Mean Score":0.725,"KNN CV Score Std Dev":0.09560661587986471,"KNN Classification Report":{"2.0":{"f1-score":0.8823529411764706,"support":18,"precision":0.9375,"recall":0.8333333333333334},"accuracy":0.8780487804878049,"macro avg":{"support":41,"precision":0.8569444444444444,"recall":0.9027777777777778,"f1-score":0.8697027197975964},"weighted avg":{"support":41,"precision":0.8953252032520324,"recall":0.8780487804878049,"f1-score":0.8804554079696394},"0.0":{"precision":0.7,"recall":1,"f1-score":0.8235294117647058,"support":7},"1.0":{"recall":0.875,"f1-score":0.9032258064516129,"support":16,"precision":0.9333333333333333}},"KNN Training Accuracy":0.84375}