{"_timestamp":1.7490099840804946e+09,"_step":2,"Logistic Regression CV Mean Score":0.73125,"_wandb":{"runtime":1},"Logistic Regression Bias Distribution":{"bins":[-1.01115476597346,-0.971967562766808,-0.9327803595601558,-0.8935931563535037,-0.8544059531468515,-0.8152187499401994,-0.7760315467335472,-0.736844343526895,-0.697657140320243,-0.6584699371135907,-0.6192827339069387,-0.5800955307002864,-0.5409083274936343,-0.5017211242869821,-0.46253392108033,-0.42334671787367784,-0.3841595146670257,-0.34497231146037355,-0.3057851082537214,-0.26659790504706926,-0.22741070184041712,-0.18822349863376497,-0.14903629542711283,-0.10984909222046069,-0.07066188901380843,-0.03147468580715629,0.007712517399495855,0.04689972060614789,0.08608692381280014,0.12527412701945217,0.16446133022610443,0.20364853343275646,0.24283573663940872,0.28202293984606097,0.321210143052713,0.36039734625936526,0.3995845494660173,0.43877175267266955,0.4779589558793216,0.5171461590859738,0.5563333622926259,0.5955205654992781,0.6347077687059302,0.6738949719125824,0.7130821751192344,0.7522693783258867,0.7914565815325387,0.830643784739191,0.8698309879458432,0.9090181911524953,0.9482053943591475,0.9873925975657996,1.0265798007724518,1.0657670039791038,1.1049542071857559,1.1441414103924084,1.1833286135990604,1.2225158168057124,1.2617030200123645,1.300890223219017,1.340077426425669,1.379264629632321,1.418451832838973,1.4576390360456255,1.4968262392522775],"_type":"histogram","values":[1,0,0,0,0,0,0,0,0,0,0,0,0,1,0,0,0,0,0,0,0,0,0,0,0,0,0,0,0,0,0,0,0,0,0,0,0,0,0,0,0,0,0,0,0,0,0,0,0,0,0,0,0,0,0,0,0,0,0,0,0,0,0,1]},"Logistic Regression Test Accuracy":0.9024390243902439,"Logistic Regression Training Accuracy":0.78125,"_runtime":1.7505107,"Logistic Regression Classification Report":{"0.0":{"recall":0.8571428571428571,"f1-score":0.8571428571428571,"support":7,"precision":0.8571428571428571},"1.0":{"f1-score":0.9032258064516129,"support":16,"precision":0.9333333333333333,"recall":0.875},"2.0":{"recall":0.9444444444444444,"f1-score":0.918918918918919,"support":18,"precision":0.8947368421052632},"accuracy":0.9024390243902439,"macro avg":{"precision":0.8950710108604846,"recall":0.8921957671957671,"f1-score":0.8930958608377964,"support":41},"weighted avg":{"precision":0.9033804022250749,"recall":0.9024390243902439,"f1-score":0.902247644969911,"support":41}},"Logistic Regression CV Score Std Dev":0.06434768838116875,"Logistic Regression Confusion Matrix":{"sha256":"842f528391aaacdc9e94e270f606a1547b90ab0705187103fe4b70e0c6c3dcf7","size":89,"artifact_path":"wandb-client-artifact://6ltqvq4oa3nh5szqlgs7ebrgnjrxaf0jia7lcmsqj7wuk94rip63sxlw450e5pxei8he30jcvr7mky2dl36b8qa0kfjf2g1wfcqylolqg8fseqhbivqvp12l2ny9w56w/Logistic Regression Confusion Matrix.table.json","_latest_artifact_path":"wandb-client-artifact://qkladmh1vxrpvk0me5jesj8q2fe9l6wsivscblvo7hjglqzyvt402albpcgwhpmsjdc7i27n2nze9oyrw3aqlupuxx2smgacsghzul8tc4p1ebktctfop9o2fm5tpzxa:latest/Logistic Regression Confusion Matrix.table.json","path":"media/table/Logistic Regression Confusion Matrix_1_842f528391aaacdc9e94.table.json","ncols":3,"nrows":3,"_type":"table-file"},"Logistic Regression Weight Distribution":{"_type":"histogram","values":[1,0,0,1,0,0,0,1,0,0,0,1,0,2,0,0,0,0,0,1,1,1,0,0,0,0,0,3,0,2,0,1,0,0,1,1,1,0,0,0,0,1,0,0,0,0,1,0,0,0,0,0,0,0,0,0,0,0,0,0,0,0,0,1],"bins":[-1.7319094212648096,-1.665027850073795,-1.5981462788827803,-1.5312647076917656,-1.464383136500751,-1.3975015653097362,-1.3306199941187216,-1.2637384229277069,-1.1968568517366922,-1.1299752805456775,-1.0630937093546629,-0.9962121381636482,-0.9293305669726335,-0.8624489957816188,-0.7955674245906041,-0.7286858533995895,-0.6618042822085748,-0.5949227110175601,-0.5280411398265454,-0.46115956863553076,-0.3942779974445161,-0.3273964262535014,-0.2605148550624867,-0.19363328387147205,-0.12675171268045737,-0.059870141489442696,0.007011429701571981,0.07389300089258666,0.14077457208360133,0.207656143274616,0.2745377144656307,0.34141928565664514,0.40830085684766004,0.47518242803867494,0.5420639992296894,0.6089455704207039,0.6758271416117188,0.7427087128027337,0.8095902839937481,0.8764718551847626,0.9433534263757775,1.0102349975667924,1.0771165687578068,1.1439981399488213,1.2108797111398362,1.277761282330851,1.3446428535218655,1.41152442471288,1.4784059959038949,1.5452875670949098,1.6121691382859242,1.6790507094769387,1.7459322806679536,1.8128138518589685,1.879695423049983,1.9465769942409974,2.0134585654320123,2.080340136623027,2.1472217078140416,2.214103279005056,2.280984850196071,2.347866421387086,2.4147479925781,2.481629563769115,2.54851113496013]}}