{"Logistic Regression CV Score Std Dev":0.06434768838116875,"Logistic Regression CV Mean Score":0.73125,"_wandb":{"runtime":2},"_step":2,"Logistic Regression Test Accuracy":0.9024390243902439,"Logistic Regression Classification Report":{"0.0":{"recall":0.8571428571428571,"f1-score":0.8571428571428571,"support":7,"precision":0.8571428571428571},"1.0":{"precision":0.9333333333333333,"recall":0.875,"f1-score":0.9032258064516129,"support":16},"2.0":{"recall":0.9444444444444444,"f1-score":0.918918918918919,"support":18,"precision":0.8947368421052632},"accuracy":0.9024390243902439,"macro avg":{"support":41,"precision":0.8950710108604846,"recall":0.8921957671957671,"f1-score":0.8930958608377964},"weighted avg":{"f1-score":0.902247644969911,"support":41,"precision":0.9033804022250749,"recall":0.9024390243902439}},"_timestamp":1.7490123702998416e+09,"_runtime":2.0011611,"Logistic Regression Training Accuracy":0.78125,"Logistic Regression Confusion Matrix":{"ncols":3,"nrows":3,"_type":"table-file","sha256":"842f528391aaacdc9e94e270f606a1547b90ab0705187103fe4b70e0c6c3dcf7","size":89,"artifact_path":"wandb-client-artifact://pngq9hd396iir247h8wugvhxk9ibvkozu0devn1jfzfglucudj67s9zcinzeqadu8e3koieu6c797slgx1pkk7zl3lym1ny1rvgf8bv7y9c2pph4jrxaeexmf52y30x6/Logistic Regression Confusion Matrix.table.json","_latest_artifact_path":"wandb-client-artifact://00djvfmd1qa7kmaeucrufaa4873inn3g321zoufyxdgd7vvj2laolp592h5bv5pbbw8iyts46lp9gupc6yoigo9c87b6bdehkby4xm6b7a3ja7gp69t4p4jlsv0tmysd:latest/Logistic Regression Confusion Matrix.table.json","path":"media/table/Logistic Regression Confusion Matrix_1_842f528391aaacdc9e94.table.json"}}