{"Random Forest Classification Report":{"0.0":{"support":7,"precision":0.875,"recall":1,"f1-score":0.9333333333333333},"1.0":{"precision":1,"recall":1,"f1-score":1,"support":16},"2.0":{"support":18,"precision":1,"recall":0.9444444444444444,"f1-score":0.9714285714285714},"accuracy":0.975609756097561,"macro avg":{"recall":0.9814814814814815,"f1-score":0.9682539682539683,"support":41,"precision":0.9583333333333334},"weighted avg":{"recall":0.975609756097561,"f1-score":0.976074332171893,"support":41,"precision":0.9786585365853658}},"_timestamp":1.7490095104524796e+09,"Random Forest Training Accuracy":1,"Random Forest Confusion Matrix":{"sha256":"23dc089e148bee9b366c58f2c2a568721fd4284be1d5fc62f09b2ff1695ce6ed","size":89,"artifact_path":"wandb-client-artifact://4prm2hr8cc61c0f0du6lzd08oxj71infn3vr9kynkh7stxblhiikytb534cowd8oo4x4c6aris3blzikw5nifjfsm0r2nyi6u1tfjiuhfezmohsvhivx5wdmlqqn0e92/Random Forest Confusion Matrix.table.json","_latest_artifact_path":"wandb-client-artifact://8y5q3bf7jrwrcnhxjch8729ovu5rmy11pmei1mzt6laec42dpp28fz3bse9ifcr8nav0xblj9jomij6z42ngf4fdzn7says3bttk3iknsi915b8m1p5mab57ykl0wtqx:latest/Random Forest Confusion Matrix.table.json","path":"media/table/Random Forest Confusion Matrix_1_23dc089e148bee9b366c.table.json","ncols":3,"nrows":3,"_type":"table-file"},"Random Forest Test Accuracy":0.975609756097561,"Random Forest CV Mean Score":0.9,"Random Forest CV Score Std Dev":0.05,"_step":1,"_wandb":{"runtime":2},"_runtime":2.2040836}