{"KNN CV Score Std Dev":0.06434768838116875,"KNN Confusion Matrix":{"width":640,"height":480,"_type":"image-file","sha256":"eaf36edcabb7a6d9d66930e712fa77aed05ef6cdf3125136cab283c87c5fd05a","size":12803,"path":"media/images/KNN Confusion Matrix_2_eaf36edcabb7a6d9d669.png","format":"png"},"_wandb":{"runtime":2},"KNN Training Accuracy":0.8,"_runtime":2.3502802,"KNN Test Accuracy":0.9024390243902439,"_timestamp":1.7490025865279863e+09,"_step":2,"KNN CV Mean Score":0.70625,"KNN Classification Report":{"1.0":{"recall":0.875,"f1-score":0.9032258064516129,"support":16,"precision":0.9333333333333333},"2.0":{"f1-score":0.9142857142857143,"support":18,"precision":0.9411764705882353,"recall":0.8888888888888888},"accuracy":0.9024390243902439,"macro avg":{"precision":0.884095860566449,"recall":0.9212962962962963,"f1-score":0.8975038402457757,"support":41},"weighted avg":{"precision":0.91021839630161,"recall":0.9024390243902439,"f1-score":0.9032623356187479,"support":41},"0.0":{"recall":1,"f1-score":0.875,"support":7,"precision":0.7777777777777778}}}