{"Random Forest CV Score Std Dev":0.05,"Random Forest CV Mean Score":0.9,"_runtime":2.2547882,"_step":1,"_timestamp":1.7490099845884182e+09,"Random Forest Test Accuracy":0.975609756097561,"Random Forest Classification Report":{"1.0":{"support":16,"precision":1,"recall":1,"f1-score":1},"2.0":{"recall":0.9444444444444444,"f1-score":0.9714285714285714,"support":18,"precision":1},"accuracy":0.975609756097561,"macro avg":{"recall":0.9814814814814815,"f1-score":0.9682539682539683,"support":41,"precision":0.9583333333333334},"weighted avg":{"recall":0.975609756097561,"f1-score":0.976074332171893,"support":41,"precision":0.9786585365853658},"0.0":{"f1-score":0.9333333333333333,"support":7,"precision":0.875,"recall":1}},"Random Forest Confusion Matrix":{"size":89,"artifact_path":"wandb-client-artifact://xkqwb8i412o9148p7b07mc40rss2hofeq0gg9q0q4jzbtif1081hgdc995l2gstt0imop79xf0jidomdjwk9fs814zg7dfqrlyjf7jx8ko16zfnviruuvmfdlsaxiueg/Random Forest Confusion Matrix.table.json","_latest_artifact_path":"wandb-client-artifact://ms44cmrd25g8wgaklvcx68ku7j8aq7si5ws00q3y49wzja8glwe20vy06gmmmxpxumhcl57vwn4a3e5u1mgs4pz7cmyow5wom44yfgcbe80enqgi5np3jnuj4s8muzzv:latest/Random Forest Confusion Matrix.table.json","path":"media/table/Random Forest Confusion Matrix_1_23dc089e148bee9b366c.table.json","ncols":3,"nrows":3,"_type":"table-file","sha256":"23dc089e148bee9b366c58f2c2a568721fd4284be1d5fc62f09b2ff1695ce6ed"},"_wandb":{"runtime":2},"Random Forest Training Accuracy":1}