{"Random Forest Classification Report":{"accuracy":0.975609756097561,"macro avg":{"recall":0.9814814814814815,"f1-score":0.9682539682539683,"support":41,"precision":0.9583333333333334},"weighted avg":{"recall":0.975609756097561,"f1-score":0.976074332171893,"support":41,"precision":0.9786585365853658},"0.0":{"recall":1,"f1-score":0.9333333333333333,"support":7,"precision":0.875},"1.0":{"f1-score":1,"support":16,"precision":1,"recall":1},"2.0":{"f1-score":0.9714285714285714,"support":18,"precision":1,"recall":0.9444444444444444}},"Random Forest CV Mean Score":0.9,"_timestamp":1.7490147106139119e+09,"_step":3,"_wandb":{"runtime":2},"Random Forest Test Accuracy":0.975609756097561,"Random Forest Confusion Matrix":{"path":"media/images/Random Forest Confusion Matrix_1_36bd9831c269b7d70265.png","format":"png","width":700,"height":400,"_type":"image-file","sha256":"36bd9831c269b7d702657722d3080207e5dda1cd4665c3ab89df2d3b685afdc8","size":12566},"Random Forest CV Score Std Dev":0.023385358667337135,"_runtime":2.5730629,"Random Forest Feature Importance":{"ncols":2,"nrows":7,"_type":"table-file","sha256":"a69d195777fb0138fdf46a3e3871486ad8ba1af9a9b835c1320612e88bd790a9","size":298,"artifact_path":"wandb-client-artifact://k82ix7y103ey60g7daufcftgi2i3vk5eglbls1zfwloes2l4hdncou9njz2hdh332g59wwfsgt2na40gbea0b7p499p6lm8kkza2pg5ptiez2ngwaco68pank4ks1myl/Random Forest Feature Importance.table.json","_latest_artifact_path":"wandb-client-artifact://hx4pnn2g5b6px686lh5fg9y3f75hacwyw3fzt2xi3qxam6ew530irkp8m7k5qim2je28f2x479egey9g41l77um05f1bf8967t8y6nkctvdk2tyr34ndnqf0jm8en0s6:latest/Random Forest Feature Importance.table.json","path":"media/table/Random Forest Feature Importance_3_a69d195777fb0138fdf4.table.json"},"Random Forest Training Accuracy":0.99375}