{"CV Score Std Dev":0.0701560760020114,"C":100,"_wandb":{"runtime":4},"Training Time (seconds)":2.8677785396575928,"CV Fold 4 Score":0.90625,"Classification Report":{"0.0":{"support":7,"precision":0.875,"recall":1,"f1-score":0.9333333333333333},"1.0":{"recall":1,"f1-score":0.9696969696969697,"support":16,"precision":0.9411764705882353},"2.0":{"support":18,"precision":1,"recall":0.8888888888888888,"f1-score":0.9411764705882353},"accuracy":0.9512195121951219,"macro avg":{"support":41,"precision":0.9387254901960785,"recall":0.9629629629629629,"f1-score":0.9480689245395127},"weighted avg":{"f1-score":0.9509673492456848,"support":41,"precision":0.9557030129124822,"recall":0.9512195121951219}},"_timestamp":1.7488328116836362e+09,"Training Accuracy":0.88125,"CV Fold 5 Score":0.875,"_step":53,"CV Score Mean":0.83125,"CV Fold 3 Score":0.78125,"Validation Accuracy":0.83125,"Solver":"newton-cg","CV Fold 2 Score":0.71875,"CV Fold 1 Score":0.875,"Test Accuracy":0.9512195121951219,"_runtime":4.1286674,"Max Iter":10000}