{"_timestamp":1.7490147753969383e+09,"_runtime":2.2722928,"Random Forest Training Accuracy":0.925,"_step":3,"Random Forest Classification Report":{"2.0":{"support":18,"precision":1,"recall":0.9444444444444444,"f1-score":0.9714285714285714},"accuracy":0.9512195121951219,"macro avg":{"precision":0.9375,"recall":0.9606481481481483,"f1-score":0.9474206349206349,"support":41},"weighted avg":{"support":41,"precision":0.9542682926829268,"recall":0.9512195121951219,"f1-score":0.9516840882694539},"0.0":{"precision":0.875,"recall":1,"f1-score":0.9333333333333333,"support":7},"1.0":{"f1-score":0.9375,"support":16,"precision":0.9375,"recall":0.9375}},"_wandb":{"runtime":2},"Random Forest CV Mean Score":0.9,"Random Forest Confusion Matrix":{"width":700,"height":400,"_type":"image-file","sha256":"31ca2e33c6ce5a860c25cc06dc5f63291e311c455af63a100d7bda381469163b","size":12529,"path":"media/images/Random Forest Confusion Matrix_1_31ca2e33c6ce5a860c25.png","format":"png"},"Random Forest CV Score Std Dev":0.03061862178478973,"Random Forest Feature Importance":{"ncols":2,"nrows":7,"_type":"table-file","sha256":"a8f769e77a269d0d1404fcfc49babefdbfc073869e5ae1cd183a68ebe882d697","size":299,"artifact_path":"wandb-client-artifact://kyotjt1y34s7zimuseaqtafddg24w9jfewk1aoph5s0frvt0ac95zpkfh61hrtakjehb83nkbddludr5zejccyeceah1edyu5dmoc715g8z181v6ck6tc822ynoxbcng/Random Forest Feature Importance.table.json","_latest_artifact_path":"wandb-client-artifact://dctwx8glch60sdbgmozw5jv74jw880xeflpyxftums8kq1mjjh1w2c318jep0vry5tw1thkqvhefq1xk9aokqwhh7351fii879fo8fw9w8dfndau6tc1su7p5ypxg62c:latest/Random Forest Feature Importance.table.json","path":"media/table/Random Forest Feature Importance_3_a8f769e77a269d0d1404.table.json"},"Random Forest Test Accuracy":0.9512195121951219}