{"CV Score Mean":0.83125,"CV Fold 5 Score":0.875,"CV Fold 3 Score":0.78125,"Training Accuracy":0.88125,"_step":9,"Optimal Solver":"lbfgs","CV Fold 2 Score":0.71875,"CV Fold 1 Score":0.875,"CV Fold 4 Score":0.90625,"_runtime":4.2631483,"_wandb":{"runtime":4},"Classification Report":{"2.0":{"precision":1,"recall":0.8888888888888888,"f1-score":0.9411764705882353,"support":18},"accuracy":0.9512195121951219,"macro avg":{"precision":0.9387254901960785,"recall":0.9629629629629629,"f1-score":0.9480689245395127,"support":41},"weighted avg":{"precision":0.9557030129124822,"recall":0.9512195121951219,"f1-score":0.9509673492456848,"support":41},"0.0":{"precision":0.875,"recall":1,"f1-score":0.9333333333333333,"support":7},"1.0":{"support":16,"precision":0.9411764705882353,"recall":1,"f1-score":0.9696969696969697}},"Optimal Max Iter":1000,"CV Score Std Dev":0.0701560760020114,"Test Accuracy":0.9512195121951219,"Best Accuracy":0.83125,"_timestamp":1.7488310200081906e+09,"Training Time (seconds)":2.9651153087615967,"Optimal C":100}