{"Random Forest Confusion Matrix":{"_type":"table-file","sha256":"23dc089e148bee9b366c58f2c2a568721fd4284be1d5fc62f09b2ff1695ce6ed","size":89,"artifact_path":"wandb-client-artifact://yy95pv245xs7w58ltpq23jqta5isamqb407k05fm5kpnrsogi7lonqchc39wlhn1mh6mei53kiozu7zwgfbnyxri1v8jkvk1pd3jkobfv3yhy3wmvh9iiq3aghwj9s3l/Random Forest Confusion Matrix.table.json","_latest_artifact_path":"wandb-client-artifact://ay8b6crejnhn3fc4ul2uavgu6v53mywkh2bg0rgyjm5x9fpejeq4u4gxcxzrt3qw869961pknf7vz4818fp69k9b47634bp66jhwool162jdjdayg7s3ym6zf05hxpv4:latest/Random Forest Confusion Matrix.table.json","path":"media/table/Random Forest Confusion Matrix_1_23dc089e148bee9b366c.table.json","ncols":3,"nrows":3},"_wandb":{"runtime":2},"_step":1,"_runtime":2.2071287,"Random Forest CV Mean Score":0.9,"Random Forest Test Accuracy":0.975609756097561,"Random Forest CV Score Std Dev":0.05,"_timestamp":1.749009880717355e+09,"Random Forest Training Accuracy":1,"Random Forest Classification Report":{"macro avg":{"precision":0.9583333333333334,"recall":0.9814814814814815,"f1-score":0.9682539682539683,"support":41},"weighted avg":{"recall":0.975609756097561,"f1-score":0.976074332171893,"support":41,"precision":0.9786585365853658},"0.0":{"f1-score":0.9333333333333333,"support":7,"precision":0.875,"recall":1},"1.0":{"precision":1,"recall":1,"f1-score":1,"support":16},"2.0":{"recall":0.9444444444444444,"f1-score":0.9714285714285714,"support":18,"precision":1},"accuracy":0.975609756097561}}