{"_step":1,"_runtime":2.3078568,"Random Forest Training Accuracy":1,"_wandb":{"runtime":2},"Random Forest CV Mean Score":0.9,"Random Forest Confusion Matrix":{"nrows":3,"_type":"table-file","sha256":"23dc089e148bee9b366c58f2c2a568721fd4284be1d5fc62f09b2ff1695ce6ed","size":89,"artifact_path":"wandb-client-artifact://7x0dmkpzu2jfwqeszx3yrb8r13vlz9mmrm8v8daniucobsiyhecyzmfjesa1i3h8gnfibl5ta17rczkbpl413ga0jyvrb5lhd4rycoh8chhqvg7ckgbkjwgokaybeom6/Random Forest Confusion Matrix.table.json","_latest_artifact_path":"wandb-client-artifact://xhfsb2v4pk649rkivvr559boe9wbxv0g54g4zy6z9r8kru65ye8uygvuq5fbwfbooyowdaye6758l363y0zldb0tgr94zevkm888bytuh1u5w4ypr2nqbezx31fzw6zg:latest/Random Forest Confusion Matrix.table.json","path":"media/table/Random Forest Confusion Matrix_1_23dc089e148bee9b366c.table.json","ncols":3},"Random Forest Classification Report":{"accuracy":0.975609756097561,"macro avg":{"recall":0.9814814814814815,"f1-score":0.9682539682539683,"support":41,"precision":0.9583333333333334},"weighted avg":{"precision":0.9786585365853658,"recall":0.975609756097561,"f1-score":0.976074332171893,"support":41},"0.0":{"precision":0.875,"recall":1,"f1-score":0.9333333333333333,"support":7},"1.0":{"support":16,"precision":1,"recall":1,"f1-score":1},"2.0":{"f1-score":0.9714285714285714,"support":18,"precision":1,"recall":0.9444444444444444}},"_timestamp":1.7490030587188344e+09,"Random Forest Test Accuracy":0.975609756097561,"Random Forest CV Score Std Dev":0.05}