{"Random Forest Training Accuracy":1,"Random Forest CV Mean Score":0.9,"_step":1,"Random Forest Test Accuracy":0.975609756097561,"_wandb":{"runtime":2},"Random Forest CV Score Std Dev":0.05,"Random Forest Confusion Matrix":{"ncols":3,"nrows":3,"_type":"table-file","sha256":"23dc089e148bee9b366c58f2c2a568721fd4284be1d5fc62f09b2ff1695ce6ed","size":89,"artifact_path":"wandb-client-artifact://4ssluxdg3m9w9wjidkly5uistgge8xtirmsh1ta5fhyl1bns5d3s98jstqooqdserm6p752emyncitleqyzlscjui4ffa9ox923pj2gxptdebz5v061uliig9u75n8ht/Random Forest Confusion Matrix.table.json","_latest_artifact_path":"wandb-client-artifact://jswfk3ueb3ko860qchfc2nez9fz0ea1enyad5n91l8gvtplhuqc11o165f6qphiadys0ad7xmubnyqhz39ke7h5k8fmcqm6djnr9sxoix3ts8qjoywf0mbeyj8w6wcsv:latest/Random Forest Confusion Matrix.table.json","path":"media/table/Random Forest Confusion Matrix_1_23dc089e148bee9b366c.table.json"},"Random Forest Classification Report":{"weighted avg":{"f1-score":0.976074332171893,"support":41,"precision":0.9786585365853658,"recall":0.975609756097561},"0.0":{"f1-score":0.9333333333333333,"support":7,"precision":0.875,"recall":1},"1.0":{"precision":1,"recall":1,"f1-score":1,"support":16},"2.0":{"precision":1,"recall":0.9444444444444444,"f1-score":0.9714285714285714,"support":18},"accuracy":0.975609756097561,"macro avg":{"precision":0.9583333333333334,"recall":0.9814814814814815,"f1-score":0.9682539682539683,"support":41}},"_runtime":2.2086439,"_timestamp":1.749010582064539e+09}