{"_timestamp":1.7490123706362112e+09,"_runtime":2.3172243,"_wandb":{"runtime":2},"KNN Training Accuracy":0.84375,"KNN CV Score Std Dev":0.09560661587986471,"KNN Classification Report":{"2.0":{"recall":0.8333333333333334,"f1-score":0.8823529411764706,"support":18,"precision":0.9375},"accuracy":0.8780487804878049,"macro avg":{"support":41,"precision":0.8569444444444444,"recall":0.9027777777777778,"f1-score":0.8697027197975964},"weighted avg":{"support":41,"precision":0.8953252032520324,"recall":0.8780487804878049,"f1-score":0.8804554079696394},"0.0":{"f1-score":0.8235294117647058,"support":7,"precision":0.7,"recall":1},"1.0":{"recall":0.875,"f1-score":0.9032258064516129,"support":16,"precision":0.9333333333333333}},"_step":2,"KNN Test Accuracy":0.8780487804878049,"KNN CV Mean Score":0.725,"KNN Confusion Matrix":{"artifact_path":"wandb-client-artifact://vbbw9mhlez23nx0ipb81clz8mdldotv58jsqqlb2morfgvxhl53f7y9x45bpwt2ejqkyk44l22he03gpem4s7lpmgfqe5s3yecf5odwcyis11famqfrg144fz03venfr/KNN Confusion Matrix.table.json","_latest_artifact_path":"wandb-client-artifact://7mae1h77y5uhvqazqrgfshdjgve45jtcvi3szdjwvt59tkouyjxnvrheyjq5zyw1pfocxwegx3xo9j30okqzn4f8e09sc5bi0j555zozjl45qkd96br0b11wl927783d:latest/KNN Confusion Matrix.table.json","path":"media/table/KNN Confusion Matrix_1_44de7a23912da4f66be9.table.json","ncols":3,"nrows":3,"_type":"table-file","sha256":"44de7a23912da4f66be92d319f19ec465cb0a767a9375ad311efbe42f0a3534f","size":89}}