{"Max Iter":10000,"_wandb":{"runtime":4},"_runtime":4.2349435,"Classification Report":{"macro avg":{"recall":0.9629629629629629,"f1-score":0.9480689245395127,"support":41,"precision":0.9387254901960785},"weighted avg":{"precision":0.9557030129124822,"recall":0.9512195121951219,"f1-score":0.9509673492456848,"support":41},"0.0":{"support":7,"precision":0.875,"recall":1,"f1-score":0.9333333333333333},"1.0":{"f1-score":0.9696969696969697,"support":16,"precision":0.9411764705882353,"recall":1},"2.0":{"precision":1,"recall":0.8888888888888888,"f1-score":0.9411764705882353,"support":18},"accuracy":0.9512195121951219},"CV Fold 4 Score":0.90625,"CV Fold 5 Score":0.875,"CV Score Std Dev":0.0701560760020114,"Solver":"newton-cg","Validation Accuracy":0.83125,"Test Accuracy":0.9512195121951219,"CV Score Mean":0.83125,"_timestamp":1.748831202093115e+09,"CV Fold 2 Score":0.71875,"C":100,"CV Fold 1 Score":0.875,"CV Fold 3 Score":0.78125,"_step":53,"Training Time (seconds)":2.900627613067627,"Training Accuracy":0.88125}