{"Logistic Regression CV Mean Score":0.73125,"_runtime":2.3766882,"Logistic Regression Training Accuracy":0.78125,"_step":2,"Logistic Regression Classification Report":{"accuracy":0.9024390243902439,"macro avg":{"f1-score":0.8930958608377964,"support":41,"precision":0.8950710108604846,"recall":0.8921957671957671},"weighted avg":{"recall":0.9024390243902439,"f1-score":0.902247644969911,"support":41,"precision":0.9033804022250749},"0.0":{"precision":0.8571428571428571,"recall":0.8571428571428571,"f1-score":0.8571428571428571,"support":7},"1.0":{"support":16,"precision":0.9333333333333333,"recall":0.875,"f1-score":0.9032258064516129},"2.0":{"precision":0.8947368421052632,"recall":0.9444444444444444,"f1-score":0.918918918918919,"support":18}},"Logistic Regression Confusion Matrix":{"height":480,"_type":"image-file","sha256":"1ec74a3e3d42116032701235d011387501cafd184a3979233fc4e96ec20307f4","size":15159,"path":"media/images/Logistic Regression Confusion Matrix_2_1ec74a3e3d4211603270.png","format":"png","width":640},"_wandb":{"runtime":2},"_timestamp":1.7490025865264912e+09,"Logistic Regression CV Score Std Dev":0.06434768838116875,"Logistic Regression Test Accuracy":0.9024390243902439}