{"_wandb":{"runtime":1},"Logistic Regression Confusion Matrix":{"width":700,"height":400,"_type":"image-file","sha256":"cd00d9ca307895359c0a2fce5af5486be2fd8df1448fb19939a23d0d2ac84a09","size":12787,"path":"media/images/Logistic Regression Confusion Matrix_1_cd00d9ca307895359c0a.png","format":"png"},"Logistic Regression Classification Report":{"accuracy":0.9024390243902439,"macro avg":{"support":41,"precision":0.8950710108604846,"recall":0.8921957671957671,"f1-score":0.8930958608377964},"weighted avg":{"precision":0.9033804022250749,"recall":0.9024390243902439,"f1-score":0.902247644969911,"support":41},"0.0":{"recall":0.8571428571428571,"f1-score":0.8571428571428571,"support":7,"precision":0.8571428571428571},"1.0":{"f1-score":0.9032258064516129,"support":16,"precision":0.9333333333333333,"recall":0.875},"2.0":{"f1-score":0.918918918918919,"support":18,"precision":0.8947368421052632,"recall":0.9444444444444444}},"Logistic Regression CV Score Std Dev":0.06434768838116875,"_timestamp":1.749013540301507e+09,"Logistic Regression CV Mean Score":0.73125,"_runtime":1.7252359,"_step":2,"Logistic Regression Training Accuracy":0.78125,"Logistic Regression Test Accuracy":0.9024390243902439}