{"Random Forest CV Mean Score":0.9,"Random Forest Confusion Matrix":{"path":"media/table/Random Forest Confusion Matrix_1_23dc089e148bee9b366c.table.json","ncols":3,"nrows":3,"_type":"table-file","sha256":"23dc089e148bee9b366c58f2c2a568721fd4284be1d5fc62f09b2ff1695ce6ed","size":89,"artifact_path":"wandb-client-artifact://j0zuiv3oxqbszzlzdeu557xkvjio8c2ha5isjz3sxbzapuzhbh1oi5wi4l2brbyhpzlnijpusu6jb58od1oqldk7fxrw14oqaj1kflsyadfmx5gf9q72j4cwysj0bgpn/Random Forest Confusion Matrix.table.json","_latest_artifact_path":"wandb-client-artifact://mx7hzqkf40tz4zcylicdats55zo7ohzsscpnen6k3x52cp2jt11d13zgas4qg592dh14eblhg0sp1bq0uv3ffmtfjfb5ereq3ok5jy2xy2j6fbobo3ch7kijbf8aymgj:latest/Random Forest Confusion Matrix.table.json"},"_wandb":{"runtime":2},"Random Forest Test Accuracy":0.975609756097561,"Random Forest Classification Report":{"macro avg":{"f1-score":0.9682539682539683,"support":41,"precision":0.9583333333333334,"recall":0.9814814814814815},"weighted avg":{"precision":0.9786585365853658,"recall":0.975609756097561,"f1-score":0.976074332171893,"support":41},"0.0":{"f1-score":0.9333333333333333,"support":7,"precision":0.875,"recall":1},"1.0":{"recall":1,"f1-score":1,"support":16,"precision":1},"2.0":{"recall":0.9444444444444444,"f1-score":0.9714285714285714,"support":18,"precision":1},"accuracy":0.975609756097561},"_timestamp":1.7490109897268891e+09,"Random Forest CV Score Std Dev":0.05,"Random Forest Training Accuracy":1,"_runtime":2.2603185,"_step":1}