{"_step":2,"Random Forest Test Accuracy":0.975609756097561,"_wandb":{"runtime":2},"_timestamp":1.7490123707665372e+09,"_runtime":2.4534889,"Random Forest Classification Report":{"0.0":{"precision":0.875,"recall":1,"f1-score":0.9333333333333333,"support":7},"1.0":{"support":16,"precision":1,"recall":1,"f1-score":1},"2.0":{"recall":0.9444444444444444,"f1-score":0.9714285714285714,"support":18,"precision":1},"accuracy":0.975609756097561,"macro avg":{"f1-score":0.9682539682539683,"support":41,"precision":0.9583333333333334,"recall":0.9814814814814815},"weighted avg":{"precision":0.9786585365853658,"recall":0.975609756097561,"f1-score":0.976074332171893,"support":41}},"Random Forest CV Mean Score":0.9,"Random Forest Training Accuracy":1,"Random Forest Confusion Matrix":{"size":89,"artifact_path":"wandb-client-artifact://bpl1hnqds0n1q2byc9bri3va49f81v90v3xerezbw2dx26nar49dti0vqw4w2gdz6ky79q1inimwq1k04fboufp11eepu96qjobi5a5d2o9l4xhoptonr2a8ynw60cel/Random Forest Confusion Matrix.table.json","_latest_artifact_path":"wandb-client-artifact://dvfn60ipy2r0ta32wyz79wd6xuvq2xp651tt7hc558rv22cvstb36q30vyeh2t3sz4e9uc4p0c1zvqrr2xwwyr91xteevbcwdgyfrx3xz1byxdeehd5yf8amqnvgbfut:latest/Random Forest Confusion Matrix.table.json","path":"media/table/Random Forest Confusion Matrix_1_23dc089e148bee9b366c.table.json","ncols":3,"nrows":3,"_type":"table-file","sha256":"23dc089e148bee9b366c58f2c2a568721fd4284be1d5fc62f09b2ff1695ce6ed"},"Random Forest CV Score Std Dev":0.05}