{"Random Forest Classification Report":{"0.0":{"recall":1,"f1-score":0.9333333333333333,"support":7,"precision":0.875},"1.0":{"f1-score":1,"support":16,"precision":1,"recall":1},"2.0":{"precision":1,"recall":0.9444444444444444,"f1-score":0.9714285714285714,"support":18},"accuracy":0.975609756097561,"macro avg":{"recall":0.9814814814814815,"f1-score":0.9682539682539683,"support":41,"precision":0.9583333333333334},"weighted avg":{"f1-score":0.976074332171893,"support":41,"precision":0.9786585365853658,"recall":0.975609756097561}},"_runtime":2.7617421,"Random Forest Confusion Matrix":{"sha256":"36bd9831c269b7d702657722d3080207e5dda1cd4665c3ab89df2d3b685afdc8","size":12566,"path":"media/images/Random Forest Confusion Matrix_1_36bd9831c269b7d70265.png","format":"png","width":700,"height":400,"_type":"image-file"},"Random Forest Training Accuracy":1,"Random Forest CV Mean Score":0.9,"Random Forest Feature Importance":{"path":"media/table/Random Forest Feature Importance_3_bbd302b41d42f2fa6a04.table.json","ncols":2,"nrows":7,"_type":"table-file","sha256":"bbd302b41d42f2fa6a04864807c50a4f61cf18361b0b2bc56b0c3f1eb0448103","size":298,"artifact_path":"wandb-client-artifact://vy00ugu0ins7bomlektwlvh5q5slggztga3wc8l9fiw4c27z1toqvsirz8zfixdk1yg3q40upumk9eh9fuwaimu6n6nhozlgm91sxau5gz30u62t91eisnl5vpsyws3k/Random Forest Feature Importance.table.json","_latest_artifact_path":"wandb-client-artifact://kjkxjv3sh019nx79xfmk9d3qtc6itdjnot5t2q8oa54b0dgahrujvypw6t7mv409mtko8kfbsscdkcsj55utjuj3bkwv40safpivrruaqre9kd05yuo4q5cak9ogqchj:latest/Random Forest Feature Importance.table.json"},"Random Forest Test Accuracy":0.975609756097561,"_step":3,"Random Forest CV Score Std Dev":0.05,"_wandb":{"runtime":2},"_timestamp":1.7490142747047298e+09}