{"KNN Training Accuracy":0.84375,"_step":1,"KNN Test Accuracy":0.8780487804878049,"KNN Classification Report":{"0.0":{"f1-score":0.8235294117647058,"support":7,"precision":0.7,"recall":1},"1.0":{"precision":0.9333333333333333,"recall":0.875,"f1-score":0.9032258064516129,"support":16},"2.0":{"precision":0.9375,"recall":0.8333333333333334,"f1-score":0.8823529411764706,"support":18},"accuracy":0.8780487804878049,"macro avg":{"f1-score":0.8697027197975964,"support":41,"precision":0.8569444444444444,"recall":0.9027777777777778},"weighted avg":{"support":41,"precision":0.8953252032520324,"recall":0.8780487804878049,"f1-score":0.8804554079696394}},"_runtime":1.7163066,"KNN CV Mean Score":0.725,"KNN CV Score Std Dev":0.09560661587986471,"_wandb":{"runtime":1},"KNN Confusion Matrix":{"artifact_path":"wandb-client-artifact://93f05wt2txytzi5uu117sr2h9z13etc4bp924nixe3omveeie3slwi7p0no3nxgmvxdkodorcb57qwdjswgsl46y5lv50h6sl4sux4511sloj80gfa8fn8njyzikmem4/KNN Confusion Matrix.table.json","_latest_artifact_path":"wandb-client-artifact://brkk3glr55v2v5duzwsw0ooyks1x1jhsspdd9ttt0pk7lmj44h1avkhrmcx1h6s0j00cbj4o6870h9kjy7ific98ah726y5fokhuhrq6xl13n4s2e1tesehc1zw7za5x:latest/KNN Confusion Matrix.table.json","path":"media/table/KNN Confusion Matrix_1_44de7a23912da4f66be9.table.json","ncols":3,"nrows":3,"_type":"table-file","sha256":"44de7a23912da4f66be92d319f19ec465cb0a767a9375ad311efbe42f0a3534f","size":89},"_timestamp":1.7490105815515587e+09}