{"_runtime":4.0128079,"Training Accuracy":0.88125,"CV Fold 4 Score":0.90625,"Test Accuracy":0.9512195121951219,"Validation Accuracy":0.83125,"CV Score Std Dev":0.0701560760020114,"CV Fold 5 Score":0.875,"_wandb":{"runtime":4},"Training Time (seconds)":2.778747320175171,"CV Score Mean":0.83125,"solver":"newton-cg","Max Iter":10000,"CV Fold 2 Score":0.71875,"C":100,"CV Fold 3 Score":0.78125,"Classification Report":{"1.0":{"precision":0.9411764705882353,"recall":1,"f1-score":0.9696969696969697,"support":16},"2.0":{"precision":1,"recall":0.8888888888888888,"f1-score":0.9411764705882353,"support":18},"accuracy":0.9512195121951219,"macro avg":{"support":41,"precision":0.9387254901960785,"recall":0.9629629629629629,"f1-score":0.9480689245395127},"weighted avg":{"recall":0.9512195121951219,"f1-score":0.9509673492456848,"support":41,"precision":0.9557030129124822},"0.0":{"recall":1,"f1-score":0.9333333333333333,"support":7,"precision":0.875}},"_step":53,"CV Fold 1 Score":0.875,"_timestamp":1.7488325764241154e+09}